customerid,firstname,lastname,email,phone,address,orderid,orderdate,totalamount,pay_mode,invoice,productid,productname,price,description,category_id,category_name,tracking_id,expected_date,delivered_date,status
1,Aman,Yadav,aman@gmail.com,124-456-7989,"414 Sector 23A, Gurugram",1,01-08-2023,150,Credit Card,INV12345,1,Apples,1.99,Fresh apples from local farms,CAT001,Groceries,TRK001,01-08-2023,01-08-2023,Delivered
2,Bhavesh,Kumar,bhavesh@gmail.com,987-654-3476,"456 Elm Ave, Ghaziabad",2,01-08-2023,75.5,Cash,INV12346,2,Smartphone,599.99,High-end smartphone with advanced features,CAT002,Electronics,TRK002,01-08-2023,01-08-2023,Delivered
3,Deepak,Devra,deepak@gmail.com,123-456-7980,"879 Indrapuram, Ghaziabad",3,01-08-2023,220.25,PayPal,INV12347,3,T-Shirt,19.99,Comfortable cotton t-shirt in various colors,CAT003,Clothing,TRK003,02-08-2023,02-08-2023,Delivered
4,Sanyam,Sehgal,sanyamsehgal@gmail.com,987-654-3213,"897 Mahagun, Ghaziabad",4,01-08-2023,50,Credit Card,INV12348,4,Lawn Mower,249.99,Gas-powered lawn mower for efficient grass cutting,CAT004,Home and Garden,TRK004,02-08-2023,NULL,Cancelled
5,Anmol,Preet,preetan@gmail.com,123-456-7890,"123 Gaur City, Noida ",5,01-08-2023,180.75,Cash,INV12349,5,Shampoo,9.99,Gentle shampoo for all hair types,CAT005,Beauty and Personal Care,TRK005,02-08-2023,NULL,Cancelled
6,Manjeet,Kaur,manjeet@gmail.com,987-654-2314,"9911 Pearl City, Navada",6,01-08-2023,90.2,PayPal,INV12350,6,Bananas,0.99,Ripe bananas for a healthy snack,CAT001,Groceries,TRK006,03-08-2023,02-08-2023,Delivered
1,Aman,Yadav,aman@gmail.com,124-456-7989,"414 Sector 23A, Gurugram",7,02-08-2023,120.5,Credit Card,INV12351,7,Laptop,899.99,Powerful laptop for work and entertainment,CAT002,Electronics,TRK007,02-08-2023,02-08-2023,Delivered
7,Raj,Dua,duaraj@gmail.com,123-456-7689,"1141 Sun City, Ghaziabad",8,02-08-2023,60.8,Cash,INV12352,8,Jeans,39.99,Classic denim jeans for everyday wear,CAT003,Clothing,TRK008,03-08-2023,NULL,Cancelled
5,Anmol,Preet,preetan@gmail.com,123-456-7890,"123 Gaur City, Noida ",9,02-08-2023,200,Credit Card,INV12353,9,Gardening Tools Set,79.99,Complete set of gardening tools for enthusiasts,CAT004,Home and Garden,TRK009,03-08-2023,02-08-2023,Delivered
6,Manjeet,Kaur,manjeet@gmail.com,987-654-2314,"9911 Pearl City, Navada",10,02-08-2023,150.75,PayPal,INV12354,10,Face Cream,14.99,Moisturizing face cream for radiant skin,CAT005,Beauty and Personal Care,TRK010,03-08-2023,03-08-2023,Delivered
7,Raj,Dua,duaraj@gmail.com,123-456-7689,"1141 Sun City, Ghaziabad",11,02-08-2023,95,Cash,INV12355,11,Oranges,2.49,Juicy oranges packed with vitamin C,CAT001,Groceries,TRK011,03-08-2023,04-08-2023,Delivered
8,Aditya,Kapoor,adipoor@gmail.com,125-654-3210,"1151 Sohna Road, Gurugram",12,03-08-2023,130.5,Credit Card,INV12356,12,Headphones,49.99,High-quality headphones for immersive audio,CAT002,Electronics,TRK012,04-08-2023,NULL,Cancelled
9,Preet,Jhunjhunwala,reetjhunjhunwala@gmail.com,157-456-7890,"021 Sector 22A, Gurugram",13,03-08-2023,75.25,PayPal,INV12357,13,Dress,59.99,Elegant dress for special occasions,CAT003,Clothing,TRK013,04-08-2023,04-08-2023,Delivered
10,Junaid,Khan,jkhan@gmail.com,947-654-3260,"4711 Sector 23A, Gurugram",14,04-08-2023,180,Cash,INV12358,14,Outdoor Furniture Set,399.99,Comfortable outdoor furniture for your patio,CAT004,Home and Garden,TRK014,04-08-2023,04-08-2023,Delivered
11,Jonny,Johnas,jonnynas@gmail.com,123-456-7998,"1233 Krishna Chowk, Gurugram",15,04-08-2023,210.75,Credit Card,INV12359,15,Hand Soap,3.99,Gentle hand soap with refreshing scent,CAT005,Beauty and Personal Care,TRK015,04-08-2023,03-08-2023,Delivered
12,James,Smith,smithes@gmail.com,987-654-3446,"3422 Kamal Vihar, Hapur",16,04-08-2023,50.2,Cash,INV12360,16,Grapes,3.99,Sweet and juicy grapes for snacking,CAT001,Groceries,TRK016,05-08-2023,05-08-2023,Delivered
13,Viraj,Valmiki,virki@gmail.com,123-456-7678,"2311 Shanti Vihar, Meerut",17,04-08-2023,120,PayPal,INV12361,17,Camera,299.99,Digital camera with advanced photography features,CAT002,Electronics,TRK017,04-08-2023,04-08-2023,Delivered
14,Rajat,Raghav,rajat@gmail.com,987-654-1265,"3422 Shakti Nagar, Meerut",18,04-08-2023,70.8,Credit Card,INV12362,18,Sweater,29.99,Warm and cozy sweater for colder days,CAT003,Clothing,TRK018,05-08-2023,05-08-2023,Delivered
15,Neeraj,Sangwan,sangwanneeraj@gmail.com,123-456-9856,"Nuh, Gurugram",19,05-08-2023,250,Cash,INV12363,19,BBQ Grill,199.99,Charcoal grill for outdoor barbecues,CAT004,Home and Garden,TRK019,05-08-2023,05-08-2023,Delivered
16,Tanishq,Sharma,tanishq@gmail.com,987-654-8765,"2334 Sector 31, Gurugram",20,05-08-2023,150.75,PayPal,INV12364,20,Perfume,49.99,Elegant perfume with a floral fragrance,CAT005,Beauty and Personal Care,TRK020,06-08-2023,06-08-2023,Delivered
17,Sandeep,Shokeen,sandeep@gmail.com,123-456-1209,"9900 Sector 51, Gurugram",21,05-08-2023,120,Credit Card,INV12365,21,Milk,1.29,Fresh cow milk for your daily needs,CAT001,Groceries,TRK021,06-08-2023,06-08-2023,Delivered
18,Suraj,Sharma,surajsh@gmail.com,987-876-3210,"Janakpuri, Delhi",22,06-08-2023,85.5,Cash,INV12366,22,Tablet,199.99,Portable tablet for entertainment and productivity,CAT002,Electronics,TRK022,06-08-2023,05-08-2023,Delivered
19,Himanshu,Saini,himanshu@gmail.com,123-567-7890,"Uttam Nagar, Delhi",23,06-08-2023,175.25,PayPal,INV12367,23,Jacket,49.99,Stylish jacket for a trendy look,CAT003,Clothing,TRK023,06-08-2023,07-08-2023,Delivered
20,Mohit,Rao,mohit@gmail.com,987-012-3210,"4565 Farukhnagar, Haryana",24,06-08-2023,65,Credit Card,INV12368,24,Gardening Gloves,9.99,Durable gloves for gardening tasks,CAT004,Home and Garden,TRK024,07-08-2023,07-08-2023,Delivered
21,Naman,Gautam,naman@gmail.com,123-141-7890,"9879 Sector 62, Noida",25,06-08-2023,150.75,Cash,INV12369,25,Lip Balm,2.99,Moisturizing lip balm for soft lips,CAT005,Beauty and Personal Care,TRK025,07-08-2023,07-08-2023,Delivered
21,Naman,Gautam,naman@gmail.com,123-141-7890,"9879 Sector 62, Noida",26,06-08-2023,95.2,PayPal,INV12370,26,Cucumbers,0.79,Fresh cucumbers for salads and snacks,CAT001,Groceries,TRK026,07-08-2023,08-08-2023,Delivered
23,Pratham,Jain,pratham@gmail.com,987-313-3210,"Uttam Nagar, Haridwar",27,07-08-2023,135.5,Credit Card,INV12371,27,Smart Watch,149.99,Connected smart watch for health and notifications,CAT002,Electronics,TRK027,08-08-2023,08-08-2023,Delivered
24,Rahul,Rai,rahul@gmail.com,123-786-7890,"1122 Sector 111, Gurugram",28,07-08-2023,55.8,Cash,INV12372,28,Shorts,24.99,Casual shorts for hot weather,CAT003,Clothing,TRK028,08-08-2023,08-08-2023,Delivered
25,Mayank,Chawri,mayank@gmail.com,987-981-3210,"1423 Ambience Residencies, Gurugram",29,07-08-2023,180,Credit Card,INV12373,29,Hammock,59.99,Relaxing hammock for outdoor lounging,CAT004,Home and Garden,TRK029,09-08-2023,09-08-2023,Delivered
26,Aashish,Chanchalani,aashishch@gmail.com,123-879-7890,"1231 Sector 54, Noida",30,08-08-2023,120.75,PayPal,INV12374,30,Face Mask,1.99,Hydrating face mask for skincare,CAT005,Beauty and Personal Care,TRK030,08-08-2023,09-08-2023,Delivered
27,Priya,Garg,priya@gmail.com,987-654-1187,"Piyush Heights, New Faridabad",31,08-08-2023,220,Credit Card,INV12375,31,Potatoes,1.49,Versatile potatoes for cooking various dishes,CAT001,Groceries,TRK031,09-08-2023,09-08-2023,Delivered
28,Divyanshi,Dayal,divyanshi@gmail.com,167-456-7890,"RPS, New Faridabad",32,08-08-2023,95.5,Cash,INV12376,32,Bluetooth Speaker,29.99,Portable Bluetooth speaker for music on the go,CAT002,Electronics,TRK032,09-08-2023,NULL,Cancelled
29,Mansi,Mishra,mansi@gmail.com,987-764-3119,"Najafgarh, Delhi",33,08-08-2023,130.25,PayPal,INV12377,33,Socks,6.99,Comfortable socks for everyday wear,CAT003,Clothing,TRK033,09-08-2023,NULL,Cancelled
30,Aditi,Verma,aditi@gmail.com,123-112-1254,"Nangloi, Delhi",34,08-08-2023,70,Credit Card,INV12378,34,Plant Pots Set,29.99,Decorative plant pots for indoor plants,CAT004,Home and Garden,TRK034,09-08-2023,09-08-2023,Delivered
31,Manya,Mehta,manya@gmail.com,412-119-3215,"Narayangarh, Rajasthan",35,08-08-2023,125.75,Cash,INV12379,35,Sunscreen,8.99,Protective sunscreen for skin,CAT005,Beauty and Personal Care,TRK035,09-08-2023,NULL,Cancelled
32,Nishtha,Agarwal,nishtha@gmail.com,123-456-7896,1651 Haldwani,36,08-08-2023,80.2,PayPal,INV12380,36,Strawberries,3.99,Sweet strawberries for desserts and snacks,CAT001,Groceries,TRK036,09-08-2023,08-08-2023,Delivered
33,Prachi,Prajapati,prachi@gmail.com,987-654-3217,"6567 Doiwala, Dehradun",37,08-08-2023,150.5,Credit Card,INV12381,37,Printer,149.99,Inkjet printer for documents and photos,CAT002,Electronics,TRK037,10-08-2023,08-08-2023,Delivered
34,Ananya,Jain,ananya@gmail.com,123-456-7899,"445 Massoorie, Dehradun",38,08-08-2023,45.8,Cash,INV12382,38,Pajamas,34.99,Cozy pajamas for a good night sleep,CAT003,Clothing,TRK038,10-08-2023,09-08-2023,Delivered
35,Sakshi,Singh,sakshi@gmail.com,987-654-3211,"235 Rishikesh, Dehradun",39,08-08-2023,190,Credit Card,INV12383,39,Outdoor Lighting Set,49.99,LED outdoor lights for ambiance,CAT004,Home and Garden,TRK039,10-08-2023,NULL,Cancelled
36,Gaurangna,Batra,gaurangna@gmail.com,143-406-7898,"5455 PSC, Moradabad ",40,09-08-2023,110.75,PayPal,INV12384,40,Hand Cream,5.99,Nourishing hand cream for soft hands,CAT005,Beauty and Personal Care,TRK040,10-08-2023,NULL,Cancelled
37,Anushka,Adawni,anushka@gmail.com,807-094-3211,"3409 Arya Nagar, Kanpur",41,09-08-2023,105,Cash,INV12385,41,Bread,2.49,Freshly baked bread for sandwiches,CAT001,Groceries,TRK041,10-08-2023,NULL,Cancelled
38,Vishakha,Srivastava,vishakha@gmail.com,123-123-1123,"Bihtoor, Kanpur",42,09-08-2023,70.5,PayPal,INV12386,42,Wireless Mouse,19.99,Optical wireless mouse for computer use,CAT002,Electronics,TRK042,11-08-2023,NULL,Cancelled
39,Palak,Pakhandi,palak@gmail.com,123-674-3210,5463 Gautam Buddha Nagar,43,10-08-2023,160.25,Credit Card,INV12387,43,Hoodie,44.99,Casual hoodie for a laid-back look,CAT003,Clothing,TRK043,10-08-2023,10-08-2023,Delivered
40,Navdeep,Sisodia,navdeep@gmail.com,103-406-7090,"Jaitra Dhampur, Bijnor",44,10-08-2023,60,Cash,INV12388,44,Outdoor Umbrella,39.99,Sunshade umbrella for outdoor relaxation,CAT004,Home and Garden,TRK044,11-08-2023,11-08-2023,Delivered
41,Tanvi,Goel,tanvi@gmail.com,981-111-1123,"Prateek City, Noida",45,11-08-2023,140.75,Credit Card,INV12389,45,Body Wash,6.99,Gentle body wash for shower,CAT005,Beauty and Personal Care,TRK045,12-08-2023,NULL,Cancelled
42,Aishwarya,Dingra,aishwarya@gmail.com,123-471-0098,"Gaur Yamuna City, Noida",46,12-08-2023,75.2,Cash,INV12390,46,Carrots,0.99,Fresh carrots for cooking and snacking,CAT001,Groceries,TRK046,13-08-2023,13-08-2023,Delivered
43,Riya,Loukrakpam,riya@gmail.com,987-213-2130,"234 Vinod Nagar,Kanpur ",47,13-08-2023,125.5,PayPal,INV12391,47,External Hard Drive,79.99,High-capacity external hard drive for data storage,CAT002,Electronics,TRK047,13-08-2023,14-08-2023,Delivered
44,Abhishek,Rajput,abhishek@gmail.com,123-213-091,"Lahora, Chandigarh",48,13-08-2023,80.8,Credit Card,INV12392,48,Tennis Shoes,54.99,Sporty tennis shoes for athletic activities,CAT003,Clothing,TRK048,15-08-2023,15-08-2023,Delivered
45,Deep,Anand,deep@gmail.com,987-120-2131,"Basti Bhagwanpura, Chandigarh",49,13-08-2023,170,Cash,INV12393,49,Garden Hose,19.99,Flexible garden hose for watering plants,CAT004,Home and Garden,TRK049,15-08-2023,15-08-2023,Delivered
46,Ayush,Kadyan,ayush@gmail.com,123-210-2002,"1224 Janpur, Patna",50,14-08-2023,130.75,PayPal,INV12394,50,Nail Polish,3.99,Vibrant nail polish for colorful nails,CAT005,Beauty and Personal Care,TRK050,15-08-2023,15-08-2023,Delivered
13,Viraj,Valmiki,virki@gmail.com,123-456-7678,"2311 Shanti Vihar, Meerut",51,14-08-2023,105,Cash,INV12395,51,Onions,1.29,Essential onions for cooking,CAT001,Groceries,TRK051,15-08-2023,15-08-2023,Delivered
16,Tanishq,Sharma,tanishq@gmail.com,987-654-8765,"2334 Sector 31, Gurugram",52,15-08-2023,120.5,Credit Card,INV12396,52,Wireless Earbuds,39.99,Bluetooth wireless earbuds for audio on the move,CAT002,Electronics,TRK052,16-08-2023,16-08-2023,Delivered
19,Himanshu,Saini,himanshu@gmail.com,123-567-7890,"Uttam Nagar, Delhi",53,15-08-2023,70.25,PayPal,INV12397,53,Belt,14.99,Stylish belt to complete your outfit,CAT003,Clothing,TRK053,15-08-2023,15-08-2023,Delivered
13,Viraj,Valmiki,virki@gmail.com,123-456-7678,"2311 Shanti Vihar, Meerut",54,16-08-2023,140,Cash,INV12398,54,Garden Fertilizer,12.99,Nutrient-rich fertilizer for healthy plants,CAT004,Home and Garden,TRK054,17-08-2023,17-08-2023,Delivered
25,Mayank,Chawri,mayank@gmail.com,987-981-3210,"1423 Ambience Residencies, Gurugram",55,16-08-2023,180.75,Credit Card,INV12399,55,Deodorant,4.99,Long-lasting deodorant for freshness,CAT005,Beauty and Personal Care,TRK055,17-08-2023,17-08-2023,Delivered
25,Mayank,Chawri,mayank@gmail.com,987-981-3210,"1423 Ambience Residencies, Gurugram",56,16-08-2023,60.2,Cash,INV12400,56,Blueberries,4.99,Nutrient-packed blueberries for snacks,CAT001,Groceries,TRK056,18-08-2023,18-08-2023,Delivered
24,Rahul,Rai,rahul@gmail.com,123-786-7890,"1122 Sector 111, Gurugram",57,16-08-2023,135,PayPal,INV12401,57,External Monitor,249.99,High-resolution external monitor for enhanced productivity,CAT002,Electronics,TRK057,18-08-2023,18-08-2023,Delivered
38,Vishakha,Srivastava,vishakha@gmail.com,123-123-1123,"Bihtoor, Kanpur",58,17-08-2023,65.8,Credit Card,INV12402,58,Dress Shoes,69.99,Elegant dress shoes for formal occasions,CAT003,Clothing,TRK058,18-08-2023,18-08-2023,Delivered
38,Vishakha,Srivastava,vishakha@gmail.com,123-123-1123,"Bihtoor, Kanpur",59,17-08-2023,220,Cash,INV12403,59,Plant Stand,24.99,Stylish stand for potted plants,CAT004,Home and Garden,TRK059,18-08-2023,17-08-2023,Delivered
42,Aishwarya,Dingra,aishwarya@gmail.com,123-471-0098,"Gaur Yamuna City, Noida",60,18-08-2023,110.75,PayPal,INV12404,60,Lotion,7.99,Hydrating body lotion for soft skin,CAT005,Beauty and Personal Care,TRK060,20-08-2023,20-08-2023,Delivered
33,Prachi,Prajapati,prachi@gmail.com,987-654-3217,"6567 Doiwala, Dehradun",61,19-08-2023,95,Credit Card,INV12405,61,Avocado,1.79,Nutrient-rich avocado for salads and spreads,CAT001,Groceries,TRK061,20-08-2023,20-08-2023,Delivered
9,Preet,Jhunjhunwala,reetjhunjhunwala@gmail.com,157-456-7890,"021 Sector 22A, Gurugram",62,19-08-2023,80.5,Cash,INV12406,62,Wireless Keyboard,29.99,Full-size wireless keyboard for comfortable typing,CAT002,Electronics,TRK062,20-08-2023,20-08-2023,Delivered
12,James,Smith,smithes@gmail.com,987-654-3446,"3422 Kamal Vihar, Hapur",63,19-08-2023,120.25,PayPal,INV12407,63,Swim Shorts,19.99,Colorful swim shorts for beach outings,CAT003,Clothing,TRK063,21-08-2023,21-08-2023,Delivered
47,Shashwat,Shekhawat,shashwat@gmail.com,987-909-0099,"098 Khagaul, Patna",64,19-08-2023,75,Credit Card,INV12408,64,Garden Trowel,7.99,Handy trowel for planting and digging,CAT004,Home and Garden,TRK064,21-08-2023,21-08-2023,Delivered
45,Deep,Anand,deep@gmail.com,987-120-2131,"Basti Bhagwanpura, Chandigarh",65,20-08-2023,160.75,Cash,INV12409,65,Shower Gel,5.99,Refreshing shower gel for cleansing,CAT005,Beauty and Personal Care,TRK065,21-08-2023,NULL,Cancelled
50,Heer,Hansraj,heer@gmail.com,990-090-0909,"Shastri Puram, Agra",66,20-08-2023,70.2,PayPal,INV12410,66,Tomatoes,2.99,Fresh tomatoes for salads and cooking,CAT001,Groceries,TRK066,21-08-2023,NULL,Cancelled
48,Shanvika,Sehrawat,shanvika@gmail.com,191-456-9198,"Afzalgarh, Bijnor",67,20-08-2023,140.5,Credit Card,INV12411,67,VR Headset,299.99,Virtual reality headset for immersive experiences,CAT002,Electronics,TRK067,22-08-2023,21-08-2023,Delivered
49,Shagun,Bhanot,shagun@gmail.com,914-654-909,"Jhalu, Bijnor",68,20-08-2023,55.8,Cash,INV12412,68,Sunglasses,24.99,Stylish sunglasses for sun protection,CAT003,Clothing,TRK068,21-08-2023,NULL,Pending
48,Shanvika,Sehrawat,shanvika@gmail.com,191-456-9198,"Afzalgarh, Bijnor",69,21-08-2023,180,Credit Card,INV12413,69,Garden Pruners,12.99,Pruning shears for trimming plants,CAT004,Home and Garden,TRK069,21-08-2023,21-08-2023,Delivered
49,Shagun,Bhanot,shagun@gmail.com,914-654-909,"Jhalu, Bijnor",70,21-08-2023,130.75,PayPal,INV12414,70,Face Scrub,9.99,Exfoliating face scrub for skin renewal,CAT005,Beauty and Personal Care,TRK070,22-08-2023,NULL,Pending
17,Sandeep,Shokeen,sandeep@gmail.com,123-456-1209,"9900 Sector 51, Gurugram",71,22-08-2023,105,Cash,INV12415,71,Potting Soil,5.99,Nutrient-rich potting soil for plants,CAT001,Groceries,TRK071,22-08-2023,22-08-2023,Delivered
19,Himanshu,Saini,himanshu@gmail.com,123-567-7890,"Uttam Nagar, Delhi",72,23-08-2023,120.5,Credit Card,INV12416,72,Action Camera,149.99,Compact action camera for capturing adventures,CAT002,Electronics,TRK072,23-08-2023,23-08-2023,Delivered
24,Rahul,Rai,rahul@gmail.com,123-786-7890,"1122 Sector 111, Gurugram",73,23-08-2023,70.25,PayPal,INV12417,73,Hats,12.99,Stylish hats for various occasions,CAT003,Clothing,TRK073,24-08-2023,24-08-2023,Delivered
36,Gaurangna,Batra,gaurangna@gmail.com,143-406-7898,"5455 PSC, Moradabad ",74,23-08-2023,140,Cash,INV12418,74,Garden Hose Reel,29.99,Convenient hose reel for organized storage,CAT004,Home and Garden,TRK074,25-08-2023,NULL,Out for Delivery
19,Himanshu,Saini,himanshu@gmail.com,123-567-7890,"Uttam Nagar, Delhi",75,24-08-2023,180.75,Credit Card,INV12419,75,Facial Cleanser,7.99,Gentle facial cleanser for clear skin,CAT005,Beauty and Personal Care,TRK075,25-08-2023,NULL,Out for Delivery
24,Rahul,Rai,rahul@gmail.com,123-786-7890,"1122 Sector 111, Gurugram",76,24-08-2023,60.2,Cash,INV12420,76,Watermelon,6.99,Juicy watermelon for refreshing snacks,CAT001,Groceries,TRK076,26-08-2023,NULL,Out for Delivery
35,Sakshi,Singh,sakshi@gmail.com,987-654-3211,"235 Rishikesh, Dehradun",77,25-08-2023,135,PayPal,INV12421,77,Smart Thermostat,129.99,Wi-Fi-enabled smart thermostat for home climate control,CAT002,Electronics,TRK077,25-08-2023,26-08-2023,Delivered
31,Manya,Mehta,manya@gmail.com,412-119-3215,"Narayangarh, Rajasthan",78,26-08-2023,65.8,Credit Card,INV12422,78,Sweatpants,29.99,Comfortable sweatpants for lounging,CAT003,Clothing,TRK078,27-08-2023,27-08-2023,Delivered
36,Gaurangna,Batra,gaurangna@gmail.com,143-406-7898,"5455 PSC, Moradabad ",79,26-08-2023,220,Cash,INV12423,79,Garden Trellis,19.99,Decorative trellis for climbing plants,CAT004,Home and Garden,TRK079,27-08-2023,27-08-2023,Delivered
17,Sandeep,Shokeen,sandeep@gmail.com,123-456-1209,"9900 Sector 51, Gurugram",80,27-08-2023,110.75,PayPal,INV12424,80,Hand Sanitizer,2.99,Hygienic hand sanitizer for germ protection,CAT005,Beauty and Personal Care,TRK080,27-08-2023,27-08-2023,Delivered
19,Himanshu,Saini,himanshu@gmail.com,123-567-7890,"Uttam Nagar, Delhi",81,27-08-2023,95,Credit Card,INV12425,81,Pineapple,3.99,Sweet pineapple for tropical flavor,CAT001,Groceries,TRK081,27-08-2023,NULL,Pending
11,Jonny,Johnas,jonnynas@gmail.com,123-456-7998,"1233 Krishna Chowk, Gurugram",82,27-08-2023,80.5,Cash,INV12426,82,Portable Projector,199.99,Compact portable projector for presentations and entertainment,CAT002,Electronics,TRK082,28-08-2023,NULL,Out for Delivery
7,Raj,Dua,duaraj@gmail.com,123-456-7689,"1141 Sun City, Ghaziabad",83,27-08-2023,120.25,PayPal,INV12427,83,Tie,17.99,Elegant tie for formal attire,CAT003,Clothing,TRK083,29-08-2023,NULL,Out for Delivery
11,Jonny,Johnas,jonnynas@gmail.com,123-456-7998,"1233 Krishna Chowk, Gurugram",84,27-08-2023,75,Credit Card,INV12428,84,Garden Kneeler,24.99,Cushioned kneeler for comfortable gardening,CAT004,Home and Garden,TRK084,28-08-2023,NULL,Pending
11,Jonny,Johnas,jonnynas@gmail.com,123-456-7998,"1233 Krishna Chowk, Gurugram",85,28-08-2023,160.75,Cash,INV12429,85,Mouthwash,4.99,Refreshing mouthwash for oral hygiene,CAT005,Beauty and Personal Care,TRK085,28-08-2023,28-08-2023,Delivered
17,Sandeep,Shokeen,sandeep@gmail.com,123-456-1209,"9900 Sector 51, Gurugram",86,29-08-2023,70.2,PayPal,INV12430,86,Cherries,4.99,Sweet strawberries for desserts and snacks,CAT001,Groceries,TRK086,29-08-2023,NULL,Out for Delivery
11,Jonny,Johnas,jonnynas@gmail.com,123-456-7998,"1233 Krishna Chowk, Gurugram",87,29-08-2023,140.5,Credit Card,INV12431,87,Smart Pen,19.99,Optical wireless mouse for computer use,CAT002,Electronics,TRK087,30-08-2023,NULL,Delivered
19,Himanshu,Saini,himanshu@gmail.com,123-567-7890,"Uttam Nagar, Delhi",88,29-08-2023,55.8,Cash,INV12432,88,Windcheaters,44.99,Casual hoodie for a laid-back look,CAT003,Clothing,TRK088,30-08-2023,NULL,Out for Delivery
36,Gaurangna,Batra,gaurangna@gmail.com,143-406-7898,"5455 PSC, Moradabad ",89,29-08-2023,180,Credit Card,INV12433,89,Umbrella,39.99,Sunshade umbrella for outdoor relaxation,CAT004,Home and Garden,TRK089,30-08-2023,30-08-2023,Delivered
35,Sakshi,Singh,sakshi@gmail.com,987-654-3211,"235 Rishikesh, Dehradun",90,29-08-2023,130.75,PayPal,INV12434,90,Head Wash,6.99,Gentle body wash for shower,CAT005,Beauty and Personal Care,TRK090,31-08-2023,NULL,Pending
42,Aishwarya,Dingra,aishwarya@gmail.com,123-471-0098,"Gaur Yamuna City, Noida",91,29-08-2023,95,Credit Card,INV12435,91,Green Chillies,0.99,Fresh carrots for cooking and snacking,CAT001,Groceries,TRK091,31-08-2023,NULL,Processing
42,Aishwarya,Dingra,aishwarya@gmail.com,123-471-0098,"Gaur Yamuna City, Noida",92,29-08-2023,80.5,Cash,INV12436,92,Pen Drives,79.99,High-capacity external hard drive for data storage,CAT002,Electronics,TRK092,01-09-2023,NULL,Processing
43,Riya,Loukrakpam,riya@gmail.com,987-213-2130,"234 Vinod Nagar,Kanpur ",93,29-08-2023,120.25,PayPal,INV12437,93,Sneaker Shoes,54.99,Sporty tennis shoes for athletic activities,CAT003,Clothing,TRK093,01-09-2023,01-09-2023,Delivered
44,Abhishek,Rajput,abhishek@gmail.com,123-213-091,"Lahora, Chandigarh",94,30-08-2023,75,Credit Card,INV12438,94,Garden wooden logs,19.99,Flexible garden hose for watering plants,CAT004,Home and Garden,TRK094,31-08-2023,NULL,Cancelled
45,Deep,Anand,deep@gmail.com,987-120-2131,"Basti Bhagwanpura, Chandigarh",95,30-08-2023,160.75,Cash,INV12439,95,Nail Polish Remover,3.99,Vibrant nail polish for colorful nails,CAT005,Beauty and Personal Care,TRK095,01-09-2023,NULL,Pending
11,Jonny,Johnas,jonnynas@gmail.com,123-456-7998,"1233 Krishna Chowk, Gurugram",96,31-08-2023,70.2,PayPal,INV12440,96,Lemons,1.29,Essential onions for cooking,CAT001,Groceries,TRK096,01-09-2023,NULL,Out for Delivery
33,Prachi,Prajapati,prachi@gmail.com,987-654-3217,"6567 Doiwala, Dehradun",97,31-08-2023,140.5,Credit Card,INV12441,97,Wired Earbuds,39.99,Bluetooth wireless earbuds for audio on the move,CAT002,Electronics,TRK097,01-09-2023,NULL,Processing
44,Abhishek,Rajput,abhishek@gmail.com,123-213-091,"Lahora, Chandigarh",98,31-08-2023,55.8,Cash,INV12442,98,Gloves,14.99,Stylish belt to complete your outfit,CAT003,Clothing,TRK098,01-09-2023,01-09-2023,Delivered
50,Heer,Hansraj,heer@gmail.com,990-090-0909,"Shastri Puram, Agra",99,31-08-2023,180,Credit Card,INV12443,99,Garden Chairs,12.99,Nutrient-rich fertilizer for healthy plants,CAT004,Home and Garden,TRK099,02-09-2023,02-09-2023,Delivered
17,Sandeep,Shokeen,sandeep@gmail.com,123-456-1209,"9900 Sector 51, Gurugram",100,31-08-2023,130.75,PayPal,INV12444,100,Face Powder,4.99,Long-lasting deodorant for freshness,CAT005,Beauty and Personal Care,TRK100,02-09-2023,NULL,Processing
7,Raj,Dua,duaraj@gmail.com,123-456-7689,"1141 Sun City, Ghaziabad",11,02-08-2023,95,Cash,INV12355,101,Ankle Length Socks,6.99,Comfortable socks for everyday wear,CAT003,Clothing,TRK011,03-08-2023,04-08-2023,Delivered
8,Aditya,Kapoor,adipoor@gmail.com,125-654-3210,"1151 Sohna Road, Gurugram",12,03-08-2023,130.5,Credit Card,INV12356,102,Plastic Pots Set,29.99,Decorative plant pots for indoor plants,CAT004,Home and Garden,TRK012,04-08-2023,NULL,Cancelled
9,Preet,Jhunjhunwala,reetjhunjhunwala@gmail.com,157-456-7890,"021 Sector 22A, Gurugram",13,03-08-2023,75.25,PayPal,INV12357,103,Night Cream,8.99,Protective sunscreen for skin,CAT005,Beauty and Personal Care,TRK013,04-08-2023,04-08-2023,Delivered
8,Aditya,Kapoor,adipoor@gmail.com,125-654-3210,"1151 Sohna Road, Gurugram",12,03-08-2023,130.5,Credit Card,INV12356,104,Guava,3.99,Sweet and juicy strawberries for desserts,CAT001,Groceries,TRK012,04-08-2023,NULL,Cancelled
8,Aditya,Kapoor,adipoor@gmail.com,125-654-3210,"1151 Sohna Road, Gurugram",12,03-08-2023,130.5,Credit Card,INV12356,105,CPU,249.99,High-resolution external monitor for enhanced productivity,CAT002,Electronics,TRK012,04-08-2023,NULL,Cancelled
9,Preet,Jhunjhunwala,reetjhunjhunwala@gmail.com,157-456-7890,"021 Sector 22A, Gurugram",13,03-08-2023,75.25,PayPal,INV12357,106,Joggers,69.99,Elegant dress shoes for formal occasions,CAT003,Clothing,TRK013,04-08-2023,04-08-2023,Delivered
14,Rajat,Raghav,rajat@gmail.com,987-654-1265,"3422 Shakti Nagar, Meerut",18,04-08-2023,70.8,Credit Card,INV12362,107,Wall Lamps,49.99,LED outdoor lights for ambiance,CAT004,Home and Garden,TRK018,05-08-2023,05-08-2023,Delivered
44,Abhishek,Rajput,abhishek@gmail.com,123-213-091,"Lahora, Chandigarh",98,31-08-2023,55.8,Cash,INV12442,108,Foot Cream,5.99,Nourishing hand cream for soft hands,CAT005,Beauty and Personal Care,TRK098,01-09-2023,01-09-2023,Delivered
38,Vishakha,Srivastava,vishakha@gmail.com,123-123-1123,"Bihtoor, Kanpur",59,17-08-2023,220,Cash,INV12403,109,Egg Bread,2.49,Freshly baked bread for sandwiches,CAT001,Groceries,TRK059,18-08-2023,17-08-2023,Delivered
7,Raj,Dua,duaraj@gmail.com,123-456-7689,"1141 Sun City, Ghaziabad",11,02-08-2023,95,Cash,INV12355,110,Drone,19.99,Optical wireless mouse for computer use,CAT002,Electronics,TRK011,03-08-2023,04-08-2023,Delivered
7,Raj,Dua,duaraj@gmail.com,123-456-7689,"1141 Sun City, Ghaziabad",11,02-08-2023,95,Cash,INV12355,111,Bemudas,34.99,Cozy pajamas for a good night sleep,CAT003,Clothing,TRK011,03-08-2023,04-08-2023,Delivered
8,Aditya,Kapoor,adipoor@gmail.com,125-654-3210,"1151 Sohna Road, Gurugram",12,03-08-2023,130.5,Credit Card,INV12356,112,Earthworm Manure,39.99,Sunshade umbrella for outdoor relaxation,CAT004,Home and Garden,TRK012,04-08-2023,NULL,Cancelled
9,Preet,Jhunjhunwala,reetjhunjhunwala@gmail.com,157-456-7890,"021 Sector 22A, Gurugram",13,03-08-2023,75.25,PayPal,INV12357,113,Lip Scrub,6.99,Gentle body wash for shower,CAT005,Beauty and Personal Care,TRK013,04-08-2023,04-08-2023,Delivered
10,Junaid,Khan,jkhan@gmail.com,947-654-3260,"4711 Sector 23A, Gurugram",14,04-08-2023,180,Cash,INV12358,114,Pumkins,0.99,Fresh carrots for cooking and snacking,CAT001,Groceries,TRK014,04-08-2023,04-08-2023,Delivered
9,Preet,Jhunjhunwala,reetjhunjhunwala@gmail.com,157-456-7890,"021 Sector 22A, Gurugram",13,03-08-2023,75.25,PayPal,INV12357,115,USB Cables,79.99,High-capacity external hard drive for data storage,CAT002,Electronics,TRK013,04-08-2023,04-08-2023,Delivered
7,Raj,Dua,duaraj@gmail.com,123-456-7689,"1141 Sun City, Ghaziabad",11,02-08-2023,95,Cash,INV12355,116,Running Shoes,54.99,Sporty tennis shoes for athletic activities,CAT003,Clothing,TRK011,03-08-2023,04-08-2023,Delivered
13,Viraj,Valmiki,virki@gmail.com,123-456-7678,"2311 Shanti Vihar, Meerut",17,04-08-2023,120,PayPal,INV12361,117,Garden Mats,19.99,Flexible garden hose for watering plants,CAT004,Home and Garden,TRK017,04-08-2023,04-08-2023,Delivered
7,Raj,Dua,duaraj@gmail.com,123-456-7689,"1141 Sun City, Ghaziabad",11,02-08-2023,95,Cash,INV12355,118,Nail Extensions,3.99,Vibrant nail polish for colorful nails,CAT005,Beauty and Personal Care,TRK011,03-08-2023,04-08-2023,Delivered
15,Neeraj,Sangwan,sangwanneeraj@gmail.com,123-456-9856,"Nuh, Gurugram",19,05-08-2023,250,Cash,INV12363,119,Corriender Leaves ,1.29,Essential onions for cooking,CAT001,Groceries,TRK019,05-08-2023,05-08-2023,Delivered
6,Manjeet,Kaur,manjeet@gmail.com,987-654-2314,"9911 Pearl City, Navada",10,02-08-2023,150.75,PayPal,INV12354,120,Neckband Earphones,39.99,Bluetooth wireless earbuds for audio on the move,CAT002,Electronics,TRK010,03-08-2023,03-08-2023,Delivered
8,Aditya,Kapoor,adipoor@gmail.com,125-654-3210,"1151 Sohna Road, Gurugram",12,03-08-2023,130.5,Credit Card,INV12356,121,Hankies,14.99,Stylish belt to complete your outfit,CAT003,Clothing,TRK012,04-08-2023,NULL,Cancelled
18,Suraj,Sharma,surajsh@gmail.com,987-876-3210,"Janakpuri, Delhi",22,06-08-2023,85.5,Cash,INV12366,122,Garden Lights,12.99,Nutrient-rich fertilizer for healthy plants,CAT004,Home and Garden,TRK022,06-08-2023,05-08-2023,Delivered
19,Himanshu,Saini,himanshu@gmail.com,123-567-7890,"Uttam Nagar, Delhi",23,06-08-2023,175.25,PayPal,INV12367,123,Powder,4.99,Long-lasting deodorant for freshness,CAT005,Beauty and Personal Care,TRK023,06-08-2023,07-08-2023,Delivered
10,Junaid,Khan,jkhan@gmail.com,947-654-3260,"4711 Sector 23A, Gurugram",14,04-08-2023,180,Cash,INV12358,124,Muskmelon,6.99,Juicy watermelon for refreshing snacks,CAT001,Groceries,TRK014,04-08-2023,04-08-2023,Delivered
11,Jonny,Johnas,jonnynas@gmail.com,123-456-7998,"1233 Krishna Chowk, Gurugram",15,04-08-2023,210.75,Credit Card,INV12359,125,E-book Readers,129.99,Wi-Fi-enabled smart thermostat for home climate control,CAT002,Electronics,TRK015,04-08-2023,03-08-2023,Delivered
8,Aditya,Kapoor,adipoor@gmail.com,125-654-3210,"1151 Sohna Road, Gurugram",12,03-08-2023,130.5,Credit Card,INV12356,126,Trackpants,29.99,Comfortable sweatpants for lounging,CAT003,Clothing,TRK012,04-08-2023,NULL,Cancelled
13,Viraj,Valmiki,virki@gmail.com,123-456-7678,"2311 Shanti Vihar, Meerut",17,04-08-2023,120,PayPal,INV12361,127,Garden Trollies,19.99,Decorative trellis for climbing plants,CAT004,Home and Garden,TRK017,04-08-2023,04-08-2023,Delivered
14,Rajat,Raghav,rajat@gmail.com,987-654-1265,"3422 Shakti Nagar, Meerut",18,04-08-2023,70.8,Credit Card,INV12362,128,Face Razors,2.99,Hygienic hand sanitizer for germ protection,CAT005,Beauty and Personal Care,TRK018,05-08-2023,05-08-2023,Delivered
15,Neeraj,Sangwan,sangwanneeraj@gmail.com,123-456-9856,"Nuh, Gurugram",19,05-08-2023,250,Cash,INV12363,129,Green apple,3.99,Sweet pineapple for tropical flavor,CAT001,Groceries,TRK019,05-08-2023,05-08-2023,Delivered
26,Aashish,Chanchalani,aashishch@gmail.com,123-879-7890,"1231 Sector 54, Noida",30,08-08-2023,120.75,PayPal,INV12374,130,Portable Lamps,199.99,Compact portable projector for presentations and entertainment,CAT002,Electronics,TRK030,08-08-2023,09-08-2023,Delivered
27,Priya,Garg,priya@gmail.com,987-654-1187,"Piyush Heights, New Faridabad",31,08-08-2023,220,Credit Card,INV12375,131,Briefs,6.99,Comfortable socks for everyday wear,CAT003,Clothing,TRK031,09-08-2023,09-08-2023,Delivered
9,Preet,Jhunjhunwala,reetjhunjhunwala@gmail.com,157-456-7890,"021 Sector 22A, Gurugram",13,03-08-2023,75.25,PayPal,INV12357,132,Ceremic Pots,29.99,Decorative plant pots for indoor plants,CAT004,Home and Garden,TRK013,04-08-2023,04-08-2023,Delivered
29,Mansi,Mishra,mansi@gmail.com,987-764-3119,"Najafgarh, Delhi",33,08-08-2023,130.25,PayPal,INV12377,133,Face Rice Water,8.99,Protective sunscreen for skin,CAT005,Beauty and Personal Care,TRK033,09-08-2023,NULL,Cancelled
30,Aditi,Verma,aditi@gmail.com,123-112-1254,"Nangloi, Delhi",34,08-08-2023,70,Credit Card,INV12378,134,Red Berries,3.99,Sweet and juicy strawberries for desserts,CAT001,Groceries,TRK034,09-08-2023,09-08-2023,Delivered
11,Jonny,Johnas,jonnynas@gmail.com,123-456-7998,"1233 Krishna Chowk, Gurugram",15,04-08-2023,210.75,Credit Card,INV12359,135,Radios,249.99,High-resolution external monitor for enhanced productivity,CAT002,Electronics,TRK015,04-08-2023,03-08-2023,Delivered
12,James,Smith,smithes@gmail.com,987-654-3446,"3422 Kamal Vihar, Hapur",16,04-08-2023,50.2,Cash,INV12360,136,Gym Wear,69.99,Elegant dress shoes for formal occasions,CAT003,Clothing,TRK016,05-08-2023,05-08-2023,Delivered
24,Rahul,Rai,rahul@gmail.com,123-786-7890,"1122 Sector 111, Gurugram",57,16-08-2023,135,PayPal,INV12401,137,Door Mat Set,49.99,LED outdoor lights for ambiance,CAT004,Home and Garden,TRK057,18-08-2023,18-08-2023,Delivered
38,Vishakha,Srivastava,vishakha@gmail.com,123-123-1123,"Bihtoor, Kanpur",58,17-08-2023,65.8,Credit Card,INV12402,138,Hair Wax,5.99,Nourishing hand cream for soft hands,CAT005,Beauty and Personal Care,TRK058,18-08-2023,18-08-2023,Delivered
35,Sakshi,Singh,sakshi@gmail.com,987-654-3211,"235 Rishikesh, Dehradun",39,08-08-2023,190,Credit Card,INV12383,139,Eggs,2.49,Freshly baked bread for sandwiches,CAT001,Groceries,TRK039,10-08-2023,NULL,Cancelled
46,Ayush,Kadyan,ayush@gmail.com,123-210-2002,"1224 Janpur, Patna",50,14-08-2023,130.75,PayPal,INV12394,140,C-type Portable Chargers,19.99,Optical wireless mouse for computer use,CAT002,Electronics,TRK050,15-08-2023,15-08-2023,Delivered
42,Aishwarya,Dingra,aishwarya@gmail.com,123-471-0098,"Gaur Yamuna City, Noida",91,29-08-2023,95,Credit Card,INV12435,141,Trunks,34.99,Cozy pajamas for a good night sleep,CAT003,Clothing,TRK091,31-08-2023,NULL,Processing
19,Himanshu,Saini,himanshu@gmail.com,123-567-7890,"Uttam Nagar, Delhi",72,23-08-2023,120.5,Credit Card,INV12416,142,Shoe Racks,39.99,Sunshade umbrella for outdoor relaxation,CAT004,Home and Garden,TRK072,23-08-2023,23-08-2023,Delivered
12,James,Smith,smithes@gmail.com,987-654-3446,"3422 Kamal Vihar, Hapur",63,19-08-2023,120.25,PayPal,INV12407,143,Body Mist,6.99,Gentle body wash for shower,CAT005,Beauty and Personal Care,TRK063,21-08-2023,21-08-2023,Delivered
47,Shashwat,Shekhawat,shashwat@gmail.com,987-909-0099,"098 Khagaul, Patna",64,19-08-2023,75,Credit Card,INV12408,144,Raddish,0.99,Fresh carrots for cooking and snacking,CAT001,Groceries,TRK064,21-08-2023,21-08-2023,Delivered
45,Deep,Anand,deep@gmail.com,987-120-2131,"Basti Bhagwanpura, Chandigarh",65,20-08-2023,160.75,Cash,INV12409,145,Tubelights,79.99,High-capacity external hard drive for data storage,CAT002,Electronics,TRK065,21-08-2023,NULL,Cancelled
48,Shanvika,Sehrawat,shanvika@gmail.com,191-456-9198,"Afzalgarh, Bijnor",69,21-08-2023,180,Credit Card,INV12413,146,Basketball Shoes,54.99,Sporty tennis shoes for athletic activities,CAT003,Clothing,TRK069,21-08-2023,21-08-2023,Delivered
35,Sakshi,Singh,sakshi@gmail.com,987-654-3211,"235 Rishikesh, Dehradun",77,25-08-2023,135,PayPal,INV12421,147,Garden Tables,19.99,Flexible garden hose for watering plants,CAT004,Home and Garden,TRK077,25-08-2023,26-08-2023,Delivered
44,Abhishek,Rajput,abhishek@gmail.com,123-213-091,"Lahora, Chandigarh",48,13-08-2023,80.8,Credit Card,INV12392,148,Hair Oil,3.99,Vibrant nail polish for colorful nails,CAT005,Beauty and Personal Care,TRK048,15-08-2023,15-08-2023,Delivered
45,Deep,Anand,deep@gmail.com,987-120-2131,"Basti Bhagwanpura, Chandigarh",49,13-08-2023,170,Cash,INV12393,149,Bitter Guard,1.29,Essential onions for cooking,CAT001,Groceries,TRK049,15-08-2023,15-08-2023,Delivered
7,Raj,Dua,duaraj@gmail.com,123-456-7689,"1141 Sun City, Ghaziabad",11,02-08-2023,95,Cash,INV12355,150,Fans,39.99,Bluetooth wireless earbuds for audio on the move,CAT002,Electronics,TRK011,03-08-2023,04-08-2023,Delivered
7,Raj,Dua,duaraj@gmail.com,123-456-7689,"1141 Sun City, Ghaziabad",11,02-08-2023,95,Cash,INV12355,151,Heels,14.99,Stylish belt to complete your outfit,CAT003,Clothing,TRK011,03-08-2023,04-08-2023,Delivered
11,Jonny,Johnas,jonnynas@gmail.com,123-456-7998,"1233 Krishna Chowk, Gurugram",15,04-08-2023,210.75,Credit Card,INV12359,152,Bedsheets,12.99,Nutrient-rich fertilizer for healthy plants,CAT004,Home and Garden,TRK015,04-08-2023,03-08-2023,Delivered
19,Himanshu,Saini,himanshu@gmail.com,123-567-7890,"Uttam Nagar, Delhi",53,15-08-2023,70.25,PayPal,INV12397,153,Body Razors,4.99,Long-lasting deodorant for freshness,CAT005,Beauty and Personal Care,TRK053,15-08-2023,15-08-2023,Delivered
13,Viraj,Valmiki,virki@gmail.com,123-456-7678,"2311 Shanti Vihar, Meerut",54,16-08-2023,140,Cash,INV12398,154,melons,6.99,Juicy watermelon for refreshing snacks,CAT001,Groceries,TRK054,17-08-2023,17-08-2023,Delivered
25,Mayank,Chawri,mayank@gmail.com,987-981-3210,"1423 Ambience Residencies, Gurugram",55,16-08-2023,180.75,Credit Card,INV12399,155,Televisions,129.99,Wi-Fi-enabled smart thermostat for home climate control,CAT002,Electronics,TRK055,17-08-2023,17-08-2023,Delivered
25,Mayank,Chawri,mayank@gmail.com,987-981-3210,"1423 Ambience Residencies, Gurugram",56,16-08-2023,60.2,Cash,INV12400,156,Tops,29.99,Comfortable sweatpants for lounging,CAT003,Clothing,TRK056,18-08-2023,18-08-2023,Delivered
11,Jonny,Johnas,jonnynas@gmail.com,123-456-7998,"1233 Krishna Chowk, Gurugram",15,04-08-2023,210.75,Credit Card,INV12359,157,Side Lamps,19.99,Decorative trellis for climbing plants,CAT004,Home and Garden,TRK015,04-08-2023,03-08-2023,Delivered
14,Rajat,Raghav,rajat@gmail.com,987-654-1265,"3422 Shakti Nagar, Meerut",18,04-08-2023,70.8,Credit Card,INV12362,158,Toner,2.99,Hygienic hand sanitizer for germ protection,CAT005,Beauty and Personal Care,TRK018,05-08-2023,05-08-2023,Delivered
15,Neeraj,Sangwan,sangwanneeraj@gmail.com,123-456-9856,"Nuh, Gurugram",19,05-08-2023,250,Cash,INV12363,159,Pear,3.99,Sweet pineapple for tropical flavor,CAT001,Groceries,TRK019,05-08-2023,05-08-2023,Delivered
42,Aishwarya,Dingra,aishwarya@gmail.com,123-471-0098,"Gaur Yamuna City, Noida",60,18-08-2023,110.75,PayPal,INV12404,160,Speakers,199.99,Compact portable projector for presentations and entertainment,CAT002,Electronics,TRK060,20-08-2023,20-08-2023,Delivered
